,car,location,delay,price,ARAI Mileage,Engine Displacement (cc),Max Torque (nm@rpm),Seating Capacity,Boot Space (Litres),Body Type,Fuel Type,Max Power (bhp@rpm),TransmissionType,Fuel Tank Capacity,Service Cost (Avg. of 5 years),City Mileage,Monthly Units Sold
0,Baleno,Hyderabad,45 days,"6,86,687",0,1197,113Nm@4200rpm,5,339,Hatchback,Petrol,81.80bhp@6000rpm,Automatic,37,"Rs.3,366",0,1037
1,Baleno,Chandigarh,42 days,"6,36,109",0,1197,113Nm@4200rpm,5,339,Hatchback,Petrol,81.80bhp@6000rpm,Automatic,37,"Rs.3,366",0,277
2,Baleno,Gurugram,42 days,"6,24,232",0,1197,113Nm@4200rpm,5,339,Hatchback,Petrol,81.80bhp@6000rpm,Automatic,37,"Rs.3,366",0,57
3,Baleno,Mumbai,42 days,"6,64,625",0,1197,113Nm@4200rpm,5,339,Hatchback,Petrol,81.80bhp@6000rpm,Automatic,37,"Rs.3,366",0,3658
4,Baleno,Chennai,30 days,"6,60,264",0,1197,113Nm@4200rpm,5,339,Hatchback,Petrol,81.80bhp@6000rpm,Automatic,37,"Rs.3,366",0,1247
5,Baleno,Delhi,30 days,"6,18,997",0,1197,113Nm@4200rpm,5,339,Hatchback,Petrol,81.80bhp@6000rpm,Automatic,37,"Rs.3,366",0,3149
6,Baleno,Noida,30 days,"6,38,538",0,1197,113Nm@4200rpm,5,339,Hatchback,Petrol,81.80bhp@6000rpm,Automatic,37,"Rs.3,366",0,85
7,Baleno,Patna,30 days,"6,53,969",0,1197,113Nm@4200rpm,5,339,Hatchback,Petrol,81.80bhp@6000rpm,Automatic,37,"Rs.3,366",0,461
8,Baleno,Ahmedabad,28 days,"6,41,352",0,1197,113Nm@4200rpm,5,339,Hatchback,Petrol,81.80bhp@6000rpm,Automatic,37,"Rs.3,366",0,1072
9,Baleno,Indore,28 days,"6,51,245",0,1197,113Nm@4200rpm,5,339,Hatchback,Petrol,81.80bhp@6000rpm,Automatic,37,"Rs.3,366",0,529
10,Baleno,Lucknow,28 days,"6,49,252",0,1197,113Nm@4200rpm,5,339,Hatchback,Petrol,81.80bhp@6000rpm,Automatic,37,"Rs.3,366",0,712
11,Baleno,Jaipur,25 days,"6,58,874",0,1197,113Nm@4200rpm,5,339,Hatchback,Petrol,81.80bhp@6000rpm,Automatic,37,"Rs.3,366",0,781
12,Baleno,Pune,21 days,"6,65,970",0,1197,113Nm@4200rpm,5,339,Hatchback,Petrol,81.80bhp@6000rpm,Automatic,37,"Rs.3,366",0,846
13,Baleno,Kolkata,15 days,"6,37,440",0,1197,113Nm@4200rpm,5,339,Hatchback,Petrol,81.80bhp@6000rpm,Automatic,37,"Rs.3,366",0,1335
14,Baleno,Bengaluru,10 days,"7,12,141",0,1197,113Nm@4200rpm,5,339,Hatchback,Petrol,81.80bhp@6000rpm,Automatic,37,"Rs.3,366",0,1471
15,Celerio,Gurugram,56 days,"4,85,206",21.63 kmpl,998,90Nm@3500rpm,5,235,Hatchback,Petrol,67.04bhp@6000rpm,Automatic,35,"Rs.3,608",0,31
16,Celerio,Bengaluru,45 days,"5,25,380",21.63 kmpl,998,90Nm@3500rpm,5,235,Hatchback,Petrol,67.04bhp@6000rpm,Automatic,35,"Rs.3,608",0,811
17,Celerio,Kolkata,42 days,"4,96,147",21.63 kmpl,998,90Nm@3500rpm,5,235,Hatchback,Petrol,67.04bhp@6000rpm,Automatic,35,"Rs.3,608",0,736
18,Celerio,Indore,35 days,"5,14,606",21.63 kmpl,998,90Nm@3500rpm,5,235,Hatchback,Petrol,67.04bhp@6000rpm,Automatic,35,"Rs.3,608",0,292
19,Celerio,Lucknow,35 days,"5,04,631",21.63 kmpl,998,90Nm@3500rpm,5,235,Hatchback,Petrol,67.04bhp@6000rpm,Automatic,35,"Rs.3,608",0,393
20,Celerio,Chandigarh,28 days,"4,95,707",21.63 kmpl,998,90Nm@3500rpm,5,235,Hatchback,Petrol,67.04bhp@6000rpm,Automatic,35,"Rs.3,608",0,153
21,Celerio,Chennai,28 days,"5,13,995",21.63 kmpl,998,90Nm@3500rpm,5,235,Hatchback,Petrol,67.04bhp@6000rpm,Automatic,35,"Rs.3,608",0,688
22,Celerio,Mumbai,15 days,"5,20,584",21.63 kmpl,998,90Nm@3500rpm,5,235,Hatchback,Petrol,67.04bhp@6000rpm,Automatic,35,"Rs.3,608",0,2017
23,Celerio,Pune,15 days,"5,18,457",21.63 kmpl,998,90Nm@3500rpm,5,235,Hatchback,Petrol,67.04bhp@6000rpm,Automatic,35,"Rs.3,608",0,466
24,Celerio,Jaipur,14 days,"5,16,554",21.63 kmpl,998,90Nm@3500rpm,5,235,Hatchback,Petrol,67.04bhp@6000rpm,Automatic,35,"Rs.3,608",0,431
25,Celerio,Noida,14 days,"4,97,801",21.63 kmpl,998,90Nm@3500rpm,5,235,Hatchback,Petrol,67.04bhp@6000rpm,Automatic,35,"Rs.3,608",0,47
26,Celerio,Ahmedabad,0 days,"4,98,599",21.63 kmpl,998,90Nm@3500rpm,5,235,Hatchback,Petrol,67.04bhp@6000rpm,Automatic,35,"Rs.3,608",0,591
27,Celerio,Delhi,0 days,"4,83,484",21.63 kmpl,998,90Nm@3500rpm,5,235,Hatchback,Petrol,67.04bhp@6000rpm,Automatic,35,"Rs.3,608",0,1736
28,Celerio,Hyderabad,0 days,"5,22,419",21.63 kmpl,998,90Nm@3500rpm,5,235,Hatchback,Petrol,67.04bhp@6000rpm,Automatic,35,"Rs.3,608",0,572
29,Celerio,Patna,0 days,"5,15,355",21.63 kmpl,998,90Nm@3500rpm,5,235,Hatchback,Petrol,67.04bhp@6000rpm,Automatic,35,"Rs.3,608",0,254
30,Celerio X,Gurugram,56 days,"5,37,828",21.63 kmpl,998,90Nm@3500rpm,5,235,Hatchback,Petrol,67bhp@6000rpm,Automatic,35,"Rs.2,865",0,31
31,Celerio X,Noida,56 days,"5,51,836",21.63 kmpl,998,90Nm@3500rpm,5,235,Hatchback,Petrol,67bhp@6000rpm,Automatic,35,"Rs.2,865",0,47
32,Celerio X,Bengaluru,45 days,"5,82,005",21.63 kmpl,998,90Nm@3500rpm,5,235,Hatchback,Petrol,67bhp@6000rpm,Automatic,35,"Rs.2,865",0,811
33,Celerio X,Jaipur,42 days,"5,70,349",21.63 kmpl,998,90Nm@3500rpm,5,235,Hatchback,Petrol,67bhp@6000rpm,Automatic,35,"Rs.2,865",0,431
34,Celerio X,Indore,35 days,"5,70,360",21.63 kmpl,998,90Nm@3500rpm,5,235,Hatchback,Petrol,67bhp@6000rpm,Automatic,35,"Rs.2,865",0,292
35,Celerio X,Lucknow,35 days,"5,59,110",21.63 kmpl,998,90Nm@3500rpm,5,235,Hatchback,Petrol,67bhp@6000rpm,Automatic,35,"Rs.2,865",0,393
36,Celerio X,Chandigarh,28 days,"5,49,207",21.63 kmpl,998,90Nm@3500rpm,5,235,Hatchback,Petrol,67bhp@6000rpm,Automatic,35,"Rs.2,865",0,153
37,Celerio X,Chennai,28 days,"5,69,501",21.63 kmpl,998,90Nm@3500rpm,5,235,Hatchback,Petrol,67bhp@6000rpm,Automatic,35,"Rs.2,865",0,688
38,Celerio X,Kolkata,28 days,"5,49,697",21.63 kmpl,998,90Nm@3500rpm,5,235,Hatchback,Petrol,67bhp@6000rpm,Automatic,35,"Rs.2,865",0,736
39,Celerio X,Patna,21 days,"5,70,370",21.63 kmpl,998,90Nm@3500rpm,5,235,Hatchback,Petrol,67bhp@6000rpm,Automatic,35,"Rs.2,865",0,254
40,Celerio X,Mumbai,20 days,"5,76,189",21.63 kmpl,998,90Nm@3500rpm,5,235,Hatchback,Petrol,67bhp@6000rpm,Automatic,35,"Rs.2,865",0,2017
41,Celerio X,Pune,15 days,"5,74,452",21.63 kmpl,998,90Nm@3500rpm,5,235,Hatchback,Petrol,67bhp@6000rpm,Automatic,35,"Rs.2,865",0,466
42,Celerio X,Ahmedabad,0 days,"5,51,851",21.63 kmpl,998,90Nm@3500rpm,5,235,Hatchback,Petrol,67bhp@6000rpm,Automatic,35,"Rs.2,865",0,591
43,Celerio X,Delhi,0 days,"5,35,587",21.63 kmpl,998,90Nm@3500rpm,5,235,Hatchback,Petrol,67bhp@6000rpm,Automatic,35,"Rs.2,865",0,1736
44,Celerio X,Hyderabad,0 days,"5,74,592",21.63 kmpl,998,90Nm@3500rpm,5,235,Hatchback,Petrol,67bhp@6000rpm,Automatic,35,"Rs.2,865",0,572
45,Ciaz,Hyderabad,45 days,"9,94,425",20.04 kmpl,1462,138Nm@4400rpm,5,510,Sedan,Petrol,103.25bhp@6000rpm,Automatic,43,"Rs.3,242",0,182
46,Ciaz,Chandigarh,42 days,"9,24,821",20.04 kmpl,1462,138Nm@4400rpm,5,510,Sedan,Petrol,103.25bhp@6000rpm,Automatic,43,"Rs.3,242",0,49
47,Ciaz,Mumbai,42 days,"9,60,529",20.04 kmpl,1462,138Nm@4400rpm,5,510,Sedan,Petrol,103.25bhp@6000rpm,Automatic,43,"Rs.3,242",0,642
48,Ciaz,Chennai,30 days,"9,57,392",20.04 kmpl,1462,138Nm@4400rpm,5,510,Sedan,Petrol,103.25bhp@6000rpm,Automatic,43,"Rs.3,242",0,219
49,Ciaz,Delhi,30 days,"9,29,062",20.04 kmpl,1462,138Nm@4400rpm,5,510,Sedan,Petrol,103.25bhp@6000rpm,Automatic,43,"Rs.3,242",0,553
50,Ciaz,Gurugram,30 days,"9,36,789",20.04 kmpl,1462,138Nm@4400rpm,5,510,Sedan,Petrol,103.25bhp@6000rpm,Automatic,43,"Rs.3,242",0,10
51,Ciaz,Noida,30 days,"9,35,513",20.04 kmpl,1462,138Nm@4400rpm,5,510,Sedan,Petrol,103.25bhp@6000rpm,Automatic,43,"Rs.3,242",0,15
52,Ciaz,Patna,30 days,"9,56,534",20.04 kmpl,1462,138Nm@4400rpm,5,510,Sedan,Petrol,103.25bhp@6000rpm,Automatic,43,"Rs.3,242",0,81
53,Ciaz,Ahmedabad,28 days,"9,19,200",20.04 kmpl,1462,138Nm@4400rpm,5,510,Sedan,Petrol,103.25bhp@6000rpm,Automatic,43,"Rs.3,242",0,188
54,Ciaz,Lucknow,28 days,"9,38,291",20.04 kmpl,1462,138Nm@4400rpm,5,510,Sedan,Petrol,103.25bhp@6000rpm,Automatic,43,"Rs.3,242",0,125
55,Ciaz,Jaipur,25 days,"9,62,313",20.04 kmpl,1462,138Nm@4400rpm,5,510,Sedan,Petrol,103.25bhp@6000rpm,Automatic,43,"Rs.3,242",0,137
56,Ciaz,Pune,21 days,"9,65,712",20.04 kmpl,1462,138Nm@4400rpm,5,510,Sedan,Petrol,103.25bhp@6000rpm,Automatic,43,"Rs.3,242",0,148
57,Ciaz,Kolkata,15 days,"9,24,113",20.04 kmpl,1462,138Nm@4400rpm,5,510,Sedan,Petrol,103.25bhp@6000rpm,Automatic,43,"Rs.3,242",0,234
58,Ciaz,Indore,14 days,"9,38,001",20.04 kmpl,1462,138Nm@4400rpm,5,510,Sedan,Petrol,103.25bhp@6000rpm,Automatic,43,"Rs.3,242",0,93
59,Ciaz,Bengaluru,10 days,"10,28,029",20.04 kmpl,1462,138Nm@4400rpm,5,510,Sedan,Petrol,103.25bhp@6000rpm,Automatic,43,"Rs.3,242",0,258
60,Dzire,Gurugram,56 days,"6,49,760",24.12 kmpl,1197,113Nm@4400rpm,5,378,Sedan,Petrol,88.50bhp@6000rpm,Automatic,37,"Rs.2,949",0,65
61,Dzire,Bengaluru,45 days,"7,02,688",24.12 kmpl,1197,113Nm@4400rpm,5,378,Sedan,Petrol,88.50bhp@6000rpm,Automatic,37,"Rs.2,949",0,1678
62,Dzire,Indore,35 days,"6,68,849",24.12 kmpl,1197,113Nm@4400rpm,5,378,Sedan,Petrol,88.50bhp@6000rpm,Automatic,37,"Rs.2,949",0,604
63,Dzire,Lucknow,35 days,"6,68,791",24.12 kmpl,1197,113Nm@4400rpm,5,378,Sedan,Petrol,88.50bhp@6000rpm,Automatic,37,"Rs.2,949",0,813
64,Dzire,Chandigarh,28 days,"6,57,011",24.12 kmpl,1197,113Nm@4400rpm,5,378,Sedan,Petrol,88.50bhp@6000rpm,Automatic,37,"Rs.2,949",0,316
65,Dzire,Chennai,28 days,"6,81,178",24.12 kmpl,1197,113Nm@4400rpm,5,378,Sedan,Petrol,88.50bhp@6000rpm,Automatic,37,"Rs.2,949",0,1423
66,Dzire,Jaipur,28 days,"6,81,724",24.12 kmpl,1197,113Nm@4400rpm,5,378,Sedan,Petrol,88.50bhp@6000rpm,Automatic,37,"Rs.2,949",0,892
67,Dzire,Patna,28 days,"6,81,865",24.12 kmpl,1197,113Nm@4400rpm,5,378,Sedan,Petrol,88.50bhp@6000rpm,Automatic,37,"Rs.2,949",0,526
68,Dzire,Mumbai,21 days,"6,87,068",24.12 kmpl,1197,113Nm@4400rpm,5,378,Sedan,Petrol,88.50bhp@6000rpm,Automatic,37,"Rs.2,949",0,4173
69,Dzire,Pune,15 days,"6,87,068",24.12 kmpl,1197,113Nm@4400rpm,5,378,Sedan,Petrol,88.50bhp@6000rpm,Automatic,37,"Rs.2,949",0,965
70,Dzire,Kolkata,14 days,"6,57,618",24.12 kmpl,1197,113Nm@4400rpm,5,378,Sedan,Petrol,88.50bhp@6000rpm,Automatic,37,"Rs.2,949",0,1523
71,Dzire,Noida,14 days,"6,66,624",24.12 kmpl,1197,113Nm@4400rpm,5,378,Sedan,Petrol,88.50bhp@6000rpm,Automatic,37,"Rs.2,949",0,97
72,Dzire,Ahmedabad,0 days,"6,57,618",24.12 kmpl,1197,113Nm@4400rpm,5,378,Sedan,Petrol,88.50bhp@6000rpm,Automatic,37,"Rs.2,949",0,1223
73,Dzire,Delhi,0 days,"6,46,809",24.12 kmpl,1197,113Nm@4400rpm,5,378,Sedan,Petrol,88.50bhp@6000rpm,Automatic,37,"Rs.2,949",0,3593
74,Dzire,Hyderabad,0 days,"6,80,052",24.12 kmpl,1197,113Nm@4400rpm,5,378,Sedan,Petrol,88.50bhp@6000rpm,Automatic,37,"Rs.2,949",0,1183
75,Ertiga,Indore,84 days,"8,64,315",17.99 kmpl,1462,138Nm@4400rpm,7,209,MUV,Petrol,103bhp@6000rpm,Automatic,45,"Rs.3,949",0,201
76,Ertiga,Bengaluru,70 days,"9,01,545",17.99 kmpl,1462,138Nm@4400rpm,7,209,MUV,Petrol,103bhp@6000rpm,Automatic,45,"Rs.3,949",0,559
77,Ertiga,Gurugram,56 days,"8,55,615",17.99 kmpl,1462,138Nm@4400rpm,7,209,MUV,Petrol,103bhp@6000rpm,Automatic,45,"Rs.3,949",0,22
78,Ertiga,Noida,56 days,"8,54,619",17.99 kmpl,1462,138Nm@4400rpm,7,209,MUV,Petrol,103bhp@6000rpm,Automatic,45,"Rs.3,949",0,32
79,Ertiga,Hyderabad,49 days,"8,81,828",17.99 kmpl,1462,138Nm@4400rpm,7,209,MUV,Petrol,103bhp@6000rpm,Automatic,45,"Rs.3,949",0,394
80,Ertiga,Delhi,42 days,"8,50,531",17.99 kmpl,1462,138Nm@4400rpm,7,209,MUV,Petrol,103bhp@6000rpm,Automatic,45,"Rs.3,949",0,1197
81,Ertiga,Lucknow,35 days,"8,58,472",17.99 kmpl,1462,138Nm@4400rpm,7,209,MUV,Petrol,103bhp@6000rpm,Automatic,45,"Rs.3,949",0,271
82,Ertiga,Ahmedabad,30 days,"8,42,708",17.99 kmpl,1462,138Nm@4400rpm,7,209,MUV,Petrol,103bhp@6000rpm,Automatic,45,"Rs.3,949",0,407
83,Ertiga,Chandigarh,28 days,"8,43,292",17.99 kmpl,1462,138Nm@4400rpm,7,209,MUV,Petrol,103bhp@6000rpm,Automatic,45,"Rs.3,949",0,105
84,Ertiga,Chennai,28 days,"8,74,435",17.99 kmpl,1462,138Nm@4400rpm,7,209,MUV,Petrol,103bhp@6000rpm,Automatic,45,"Rs.3,949",0,474
85,Ertiga,Jaipur,28 days,"8,82,158",17.99 kmpl,1462,138Nm@4400rpm,7,209,MUV,Petrol,103bhp@6000rpm,Automatic,45,"Rs.3,949",0,297
86,Ertiga,Mumbai,28 days,"8,82,572",17.99 kmpl,1462,138Nm@4400rpm,7,209,MUV,Petrol,103bhp@6000rpm,Automatic,45,"Rs.3,949",0,1390
87,Ertiga,Kolkata,21 days,"8,44,075",17.99 kmpl,1462,138Nm@4400rpm,7,209,MUV,Petrol,103bhp@6000rpm,Automatic,45,"Rs.3,949",0,507
88,Ertiga,Pune,15 days,"8,82,025",17.99 kmpl,1462,138Nm@4400rpm,7,209,MUV,Petrol,103bhp@6000rpm,Automatic,45,"Rs.3,949",0,321
89,Ertiga,Patna,119 days,"8,73,791",17.99 kmpl,1462,138Nm@4400rpm,7,209,MUV,Petrol,103bhp@6000rpm,Automatic,45,"Rs.3,949",0,175
90,Ignis,Hyderabad,45 days,"5,91,363",20.89 kmpl,1197,113Nm@4200rpm,5,260,Hatchback,Petrol,81.80bhp@6000rpm,Automatic,32,0,14.65 kmpl,107
91,Ignis,Mumbai,42 days,"5,67,805",20.89 kmpl,1197,113Nm@4200rpm,5,260,Hatchback,Petrol,81.80bhp@6000rpm,Automatic,32,0,14.65 kmpl,377
92,Ignis,Chennai,30 days,"5,67,862",20.89 kmpl,1197,113Nm@4200rpm,5,260,Hatchback,Petrol,81.80bhp@6000rpm,Automatic,32,0,14.65 kmpl,128
93,Ignis,Delhi,30 days,"5,39,920",20.89 kmpl,1197,113Nm@4200rpm,5,260,Hatchback,Petrol,81.80bhp@6000rpm,Automatic,32,0,14.65 kmpl,324
94,Ignis,Gurugram,30 days,"5,44,365",20.89 kmpl,1197,113Nm@4200rpm,5,260,Hatchback,Petrol,81.80bhp@6000rpm,Automatic,32,0,14.65 kmpl,6
95,Ignis,Noida,30 days,"5,57,571",20.89 kmpl,1197,113Nm@4200rpm,5,260,Hatchback,Petrol,81.80bhp@6000rpm,Automatic,32,0,14.65 kmpl,9
96,Ignis,Patna,30 days,"5,62,464",20.89 kmpl,1197,113Nm@4200rpm,5,260,Hatchback,Petrol,81.80bhp@6000rpm,Automatic,32,0,14.65 kmpl,47
97,Ignis,Ahmedabad,28 days,"5,48,289",20.89 kmpl,1197,113Nm@4200rpm,5,260,Hatchback,Petrol,81.80bhp@6000rpm,Automatic,32,0,14.65 kmpl,110
98,Ignis,Lucknow,28 days,"5,59,367",20.89 kmpl,1197,113Nm@4200rpm,5,260,Hatchback,Petrol,81.80bhp@6000rpm,Automatic,32,0,14.65 kmpl,73
99,Ignis,Jaipur,25 days,"5,67,781",20.89 kmpl,1197,113Nm@4200rpm,5,260,Hatchback,Petrol,81.80bhp@6000rpm,Automatic,32,0,14.65 kmpl,80
100,Ignis,Kolkata,15 days,"5,48,289",20.89 kmpl,1197,113Nm@4200rpm,5,260,Hatchback,Petrol,81.80bhp@6000rpm,Automatic,32,0,14.65 kmpl,137
101,Ignis,Indore,14 days,"5,60,683",20.89 kmpl,1197,113Nm@4200rpm,5,260,Hatchback,Petrol,81.80bhp@6000rpm,Automatic,32,0,14.65 kmpl,55
102,Ignis,Pune,14 days,"5,72,755",20.89 kmpl,1197,113Nm@4200rpm,5,260,Hatchback,Petrol,81.80bhp@6000rpm,Automatic,32,0,14.65 kmpl,87
103,Ignis,Bengaluru,10 days,"6,05,963",20.89 kmpl,1197,113Nm@4200rpm,5,260,Hatchback,Petrol,81.80bhp@6000rpm,Automatic,32,0,14.65 kmpl,151
104,Ignis,Chandigarh,0 days,"5,47,785",20.89 kmpl,1197,113Nm@4200rpm,5,260,Hatchback,Petrol,81.80bhp@6000rpm,Automatic,32,0,14.65 kmpl,29
105,S-Cross,Hyderabad,45 days,"10,52,572",25.1 kmpl,1248,200Nm@1750rpm,5,353,SUV,Diesel,88.5bhp@4000rpm,Manual,48,"Rs.4,875",19.16 kmpl,150
106,S-Cross,Mumbai,42 days,"10,36,696",25.1 kmpl,1248,200Nm@1750rpm,5,353,SUV,Diesel,88.5bhp@4000rpm,Manual,48,"Rs.4,875",19.16 kmpl,529
107,S-Cross,Chennai,30 days,"10,12,771",25.1 kmpl,1248,200Nm@1750rpm,5,353,SUV,Diesel,88.5bhp@4000rpm,Manual,48,"Rs.4,875",19.16 kmpl,181
108,S-Cross,Delhi,30 days,"10,00,437",25.1 kmpl,1248,200Nm@1750rpm,5,353,SUV,Diesel,88.5bhp@4000rpm,Manual,48,"Rs.4,875",19.16 kmpl,456
109,S-Cross,Gurugram,30 days,"9,93,083",25.1 kmpl,1248,200Nm@1750rpm,5,353,SUV,Diesel,88.5bhp@4000rpm,Manual,48,"Rs.4,875",19.16 kmpl,8
110,S-Cross,Noida,30 days,"9,90,129",25.1 kmpl,1248,200Nm@1750rpm,5,353,SUV,Diesel,88.5bhp@4000rpm,Manual,48,"Rs.4,875",19.16 kmpl,12
111,S-Cross,Patna,30 days,"10,11,863",25.1 kmpl,1248,200Nm@1750rpm,5,353,SUV,Diesel,88.5bhp@4000rpm,Manual,48,"Rs.4,875",19.16 kmpl,67
112,S-Cross,Ahmedabad,28 days,"9,72,181",25.1 kmpl,1248,200Nm@1750rpm,5,353,SUV,Diesel,88.5bhp@4000rpm,Manual,48,"Rs.4,875",19.16 kmpl,155
113,S-Cross,Lucknow,28 days,"9,94,249",25.1 kmpl,1248,200Nm@1750rpm,5,353,SUV,Diesel,88.5bhp@4000rpm,Manual,48,"Rs.4,875",19.16 kmpl,103
114,S-Cross,Jaipur,25 days,"10,45,118",25.1 kmpl,1248,200Nm@1750rpm,5,353,SUV,Diesel,88.5bhp@4000rpm,Manual,48,"Rs.4,875",19.16 kmpl,113
115,S-Cross,Pune,21 days,"10,39,192",25.1 kmpl,1248,200Nm@1750rpm,5,353,SUV,Diesel,88.5bhp@4000rpm,Manual,48,"Rs.4,875",19.16 kmpl,122
116,S-Cross,Kolkata,15 days,"9,77,544",25.1 kmpl,1248,200Nm@1750rpm,5,353,SUV,Diesel,88.5bhp@4000rpm,Manual,48,"Rs.4,875",19.16 kmpl,193
117,S-Cross,Indore,14 days,"9,93,773",25.1 kmpl,1248,200Nm@1750rpm,5,353,SUV,Diesel,88.5bhp@4000rpm,Manual,48,"Rs.4,875",19.16 kmpl,77
118,S-Cross,Bengaluru,10 days,"10,61,561",25.1 kmpl,1248,200Nm@1750rpm,5,353,SUV,Diesel,88.5bhp@4000rpm,Manual,48,"Rs.4,875",19.16 kmpl,213
119,S-Cross,Chandigarh,0 days,"9,77,800",25.1 kmpl,1248,200Nm@1750rpm,5,353,SUV,Diesel,88.5bhp@4000rpm,Manual,48,"Rs.4,875",19.16 kmpl,40
120,Swift,Noida,70 days,"5,19,000",21.21 kmpl,1197,113Nm@4200rpm,5,268,Hatchback,Petrol,81.80bhp@6000rpm,Automatic,37,0,0,95
121,Swift,Gurugram,56 days,"5,19,000",21.21 kmpl,1197,113Nm@4200rpm,5,268,Hatchback,Petrol,81.80bhp@6000rpm,Automatic,37,0,0,64
122,Swift,Bengaluru,45 days,"5,18,999",21.21 kmpl,1197,113Nm@4200rpm,5,268,Hatchback,Petrol,81.80bhp@6000rpm,Automatic,37,0,0,1654
123,Swift,Indore,35 days,"5,19,052",21.21 kmpl,1197,113Nm@4200rpm,5,268,Hatchback,Petrol,81.80bhp@6000rpm,Automatic,37,0,0,595
124,Swift,Lucknow,35 days,"5,19,000",21.21 kmpl,1197,113Nm@4200rpm,5,268,Hatchback,Petrol,81.80bhp@6000rpm,Automatic,37,0,0,801
125,Swift,Mumbai,30 days,"5,19,000",21.21 kmpl,1197,113Nm@4200rpm,5,268,Hatchback,Petrol,81.80bhp@6000rpm,Automatic,37,0,0,4112
126,Swift,Chandigarh,28 days,"5,19,000",21.21 kmpl,1197,113Nm@4200rpm,5,268,Hatchback,Petrol,81.80bhp@6000rpm,Automatic,37,0,0,311
127,Swift,Chennai,28 days,"5,19,000",21.21 kmpl,1197,113Nm@4200rpm,5,268,Hatchback,Petrol,81.80bhp@6000rpm,Automatic,37,0,0,1402
128,Swift,Jaipur,28 days,"5,18,690",21.21 kmpl,1197,113Nm@4200rpm,5,268,Hatchback,Petrol,81.80bhp@6000rpm,Automatic,37,0,0,879
129,Swift,Kolkata,28 days,"5,19,000",21.21 kmpl,1197,113Nm@4200rpm,5,268,Hatchback,Petrol,81.80bhp@6000rpm,Automatic,37,0,0,1501
130,Swift,Patna,28 days,"5,19,000",21.21 kmpl,1197,113Nm@4200rpm,5,268,Hatchback,Petrol,81.80bhp@6000rpm,Automatic,37,0,0,518
131,Swift,Pune,15 days,"5,19,000",21.21 kmpl,1197,113Nm@4200rpm,5,268,Hatchback,Petrol,81.80bhp@6000rpm,Automatic,37,0,0,951
132,Swift,Hyderabad,14 days,"5,19,000",21.21 kmpl,1197,113Nm@4200rpm,5,268,Hatchback,Petrol,81.80bhp@6000rpm,Automatic,37,0,0,1166
133,Swift,Ahmedabad,0 days,"5,19,000",21.21 kmpl,1197,113Nm@4200rpm,5,268,Hatchback,Petrol,81.80bhp@6000rpm,Automatic,37,0,0,1205
134,Swift,Delhi,0 days,"5,19,000",21.21 kmpl,1197,113Nm@4200rpm,5,268,Hatchback,Petrol,81.80bhp@6000rpm,Automatic,37,0,0,3541
135,Vitara Brezza,Patna,63 days,"8,51,440",18.76 kmpl,1462,138nm@4400rpm,5,328,SUV,Petrol,103.2bhp@6000rpm,Automatic,48,"Rs.3,658",0,363
136,Vitara Brezza,Delhi,56 days,"8,24,347",18.76 kmpl,1462,138nm@4400rpm,5,328,SUV,Petrol,103.2bhp@6000rpm,Automatic,48,"Rs.3,658",0,2481
137,Vitara Brezza,Gurugram,56 days,"8,29,217",18.76 kmpl,1462,138nm@4400rpm,5,328,SUV,Petrol,103.2bhp@6000rpm,Automatic,48,"Rs.3,658",0,45
138,Vitara Brezza,Bengaluru,49 days,"8,72,303",18.76 kmpl,1462,138nm@4400rpm,5,328,SUV,Petrol,103.2bhp@6000rpm,Automatic,48,"Rs.3,658",0,1159
139,Vitara Brezza,Indore,35 days,"8,39,799",18.76 kmpl,1462,138nm@4400rpm,5,328,SUV,Petrol,103.2bhp@6000rpm,Automatic,48,"Rs.3,658",0,417
140,Vitara Brezza,Lucknow,35 days,"8,30,578",18.76 kmpl,1462,138nm@4400rpm,5,328,SUV,Petrol,103.2bhp@6000rpm,Automatic,48,"Rs.3,658",0,561
141,Vitara Brezza,Chennai,28 days,"8,46,015",18.76 kmpl,1462,138nm@4400rpm,5,328,SUV,Petrol,103.2bhp@6000rpm,Automatic,48,"Rs.3,658",0,983
142,Vitara Brezza,Jaipur,28 days,"8,52,874",18.76 kmpl,1462,138nm@4400rpm,5,328,SUV,Petrol,103.2bhp@6000rpm,Automatic,48,"Rs.3,658",0,616
143,Vitara Brezza,Kolkata,28 days,"8,16,655",18.76 kmpl,1462,138nm@4400rpm,5,328,SUV,Petrol,103.2bhp@6000rpm,Automatic,48,"Rs.3,658",0,1052
144,Vitara Brezza,Noida,28 days,"8,28,249",18.76 kmpl,1462,138nm@4400rpm,5,328,SUV,Petrol,103.2bhp@6000rpm,Automatic,48,"Rs.3,658",0,67
145,Vitara Brezza,Pune,15 days,"8,53,355",18.76 kmpl,1462,138nm@4400rpm,5,328,SUV,Petrol,103.2bhp@6000rpm,Automatic,48,"Rs.3,658",0,667
146,Vitara Brezza,Chandigarh,14 days,"8,15,898",18.76 kmpl,1462,138nm@4400rpm,5,328,SUV,Petrol,103.2bhp@6000rpm,Automatic,48,"Rs.3,658",0,218
147,Vitara Brezza,Hyderabad,14 days,"8,53,490",18.76 kmpl,1462,138nm@4400rpm,5,328,SUV,Petrol,103.2bhp@6000rpm,Automatic,48,"Rs.3,658",0,817
148,Vitara Brezza,Mumbai,10 days,"8,53,418",18.76 kmpl,1462,138nm@4400rpm,5,328,SUV,Petrol,103.2bhp@6000rpm,Automatic,48,"Rs.3,658",0,2882
149,Vitara Brezza,Ahmedabad,0 days,"8,12,918",18.76 kmpl,1462,138nm@4400rpm,5,328,SUV,Petrol,103.2bhp@6000rpm,Automatic,48,"Rs.3,658",0,845
